{
    "navLinks": [
        {
            "name": "home",
            "data": {
                "header": [
                    "drinks",
                    "accessory",
                    "devices"
                ],
                "categories": [
                    [
                        "AppleCare",
                        "AppleCare"
                    ],
                    [
                        "Headphones"
                    ],
                    [
                        "Music",
                        "Music",
                        "Music"
                    ]
                ]
            }
        }
    ]
}
